<application>
  <component name="libraryTable">
    <library name="vue-i18n-DefinitelyTyped" type="javaScript">
      <CLASSES>
        <root url="file://$APPLICATION_CONFIG_DIR$/javascript/extLibs/http_github.com_DefinitelyTyped_DefinitelyTyped_raw_master_types_vue-i18n_index.d.ts" />
      </CLASSES>
      <SOURCES />
    </library>
    <library name="vue-resource-DefinitelyTyped" type="javaScript">
      <CLASSES>
        <root url="file://$APPLICATION_CONFIG_DIR$/javascript/extLibs/http_github.com_DefinitelyTyped_DefinitelyTyped_raw_master_types_vue-resource_index.d.ts" />
      </CLASSES>
      <SOURCES />
    </library>
  </component>
</application>