<application>
  <component name="FileTypeManager" version="17">
    <extensionMap>
      <mapping pattern="Envoy" type="Blade" />
      <mapping ext="docker" type="Dockerfile" />
      <mapping pattern="Envoy2" type="PHP" />
      <mapping pattern="authorized_keys" type="PLAIN_TEXT" />
      <mapping pattern="enabled_plugins" type="PLAIN_TEXT" />
      <mapping pattern="digitalocean" type="PLAIN_TEXT" />
      <mapping pattern="id_rsa" type="PLAIN_TEXT" />
      <mapping pattern="cache" type="PLAIN_TEXT" />
      <mapping pattern="fb03eac5d9119b0221725d94806008b488d5e642" type="PLAIN_TEXT" />
      <mapping pattern="efec04318e4d8b710904998f19bfe7437c6575d0" type="PLAIN_TEXT" />
      <mapping pattern="fe159d7385e6a7e088ba494126e186b8319d13cc" type="PLAIN_TEXT" />
      <mapping pattern="open-ocr-worker" type="PLAIN_TEXT" />
      <mapping pattern="open-ocr-httpd" type="PLAIN_TEXT" />
      <mapping pattern="Dockerfile_old" type="PLAIN_TEXT" />
      <mapping pattern="error_log" type="PLAIN_TEXT" />
      <mapping pattern="sshd_config" type="PLAIN_TEXT" />
      <mapping pattern="Procfile" type="PLAIN_TEXT" />
      <mapping pattern="open-ocr-preprocessor" type="PLAIN_TEXT" />
      <mapping pattern="ssh_config" type="PLAIN_TEXT" />
      <mapping pattern="token" type="PLAIN_TEXT" />
      <mapping ext="log___jb_old___" type="PLAIN_TEXT" />
      <mapping ext="key" type="PLAIN_TEXT" />
      <mapping ext="pem" type="PLAIN_TEXT" />
      <mapping ext="eml" type="PLAIN_TEXT" />
      <mapping ext="woff2" type="PLAIN_TEXT" />
      <removed_mapping ext="cmd" approved="true" type="PLAIN_TEXT" />
      <removed_mapping ext="log" approved="true" type="PLAIN_TEXT" />
      <removed_mapping ext="bat" approved="true" type="PLAIN_TEXT" />
      <removed_mapping ext="bat" approved="true" type="PLAIN_TEXT" />
      <removed_mapping ext="log" approved="true" type="PLAIN_TEXT" />
      <removed_mapping pattern="Makefile" approved="true" type="PLAIN_TEXT" />
      <removed_mapping ext="dockerfile" approved="true" type="textmate" />
      <removed_mapping ext="makefile" approved="true" type="textmate" />
      <removed_mapping ext="py" approved="true" type="PLAIN_TEXT" />
      <removed_mapping ext="cmd" approved="true" type="PLAIN_TEXT" />
      <removed_mapping ext="snakefile" approved="true" type="textmate" />
      <removed_mapping ext="docker" approved="true" type="PLAIN_TEXT" />
    </extensionMap>
  </component>
</application>